{"loss": [0.6948530673980713, 0.4683109521865845, 0.4124273359775543, 0.3794234097003937, 0.3605111539363861, 0.34114062786102295, 0.32789915800094604, 0.3135627210140228, 0.3053003251552582, 0.2953592538833618], "accuracy": [0.7603999972343445, 0.8396333456039429, 0.8592666387557983, 0.8702333569526672, 0.8755333423614502, 0.883483350276947, 0.8865833282470703, 0.890666663646698, 0.8935666680335999, 0.8964333534240723], "val_loss": [0.5224646925926208, 0.4671543538570404, 0.41865411400794983, 0.4017393887042999, 0.37855830788612366, 0.3583192825317383, 0.34248873591423035, 0.3517094850540161, 0.3324556052684784, 0.3180111348628998], "val_accuracy": [0.8220000267028809, 0.8359000086784363, 0.8546000123023987, 0.8626999855041504, 0.8712000250816345, 0.8783000111579895, 0.8815000057220459, 0.8772000074386597, 0.8808000087738037, 0.8870000243186951], "confusion_matrix": [[657, 588, 624, 592, 611, 576, 583, 579, 595, 595], [673, 622, 552, 558, 605, 594, 598, 605, 578, 615], [639, 579, 578, 570, 615, 628, 571, 608, 601, 611], [649, 557, 572, 571, 650, 591, 578, 609, 609, 614], [695, 609, 570, 578, 566, 546, 585, 660, 591, 600], [658, 606, 603, 606, 532, 599, 588, 603, 583, 622], [643, 642, 584, 617, 606, 561, 550, 577, 614, 606], [637, 610, 599, 582, 554, 607, 588, 606, 597, 620], [631, 611, 616, 537, 571, 601, 565, 616, 621, 631], [612, 634, 580, 565, 601, 600, 578, 588, 631, 611]]}