{"loss": [0.6237145662307739, 0.4572577178478241, 0.415454626083374, 0.38882046937942505, 0.3698435127735138, 0.356027752161026, 0.3466451168060303, 0.33516764640808105, 0.3246210217475891, 0.31591835618019104], "accuracy": [0.7758333086967468, 0.834933340549469, 0.850683331489563, 0.8586999773979187, 0.8650166392326355, 0.8698999881744385, 0.8723499774932861, 0.8762333393096924, 0.8797666430473328, 0.8820333480834961], "val_loss": [0.4955873191356659, 0.4777162969112396, 0.42672133445739746, 0.411408931016922, 0.40121275186538696, 0.3918059468269348, 0.39084067940711975, 0.3926488757133484, 0.393838107585907, 0.355969101190567], "val_accuracy": [0.8230999708175659, 0.828499972820282, 0.8483999967575073, 0.8514999747276306, 0.8568000197410583, 0.8597000241279602, 0.86080002784729, 0.8615999817848206, 0.8600000143051147, 0.8702999949455261], "confusion_matrix": [[616, 655, 525, 581, 647, 595, 550, 621, 595, 615], [621, 635, 572, 569, 681, 587, 549, 592, 598, 596], [640, 625, 588, 574, 642, 613, 562, 585, 591, 580], [621, 622, 562, 565, 680, 597, 536, 606, 620, 591], [646, 586, 591, 627, 625, 609, 546, 605, 590, 575], [587, 618, 609, 559, 657, 541, 587, 600, 597, 645], [647, 602, 551, 596, 676, 636, 531, 590, 566, 605], [627, 647, 579, 596, 654, 570, 527, 633, 583, 584], [658, 561, 592, 570, 627, 587, 548, 617, 612, 628], [611, 608, 580, 603, 665, 591, 536, 612, 597, 597]]}