{"loss": [0.6207959651947021, 0.4555129110813141, 0.41433122754096985, 0.3909800350666046, 0.3725900650024414, 0.3566884398460388, 0.344137579202652, 0.3336784839630127, 0.3262748718261719, 0.315928190946579], "accuracy": [0.7764833569526672, 0.8346666693687439, 0.8498666882514954, 0.85794997215271, 0.8632500171661377, 0.868066668510437, 0.8721166849136353, 0.8770333528518677, 0.8791333436965942, 0.883400022983551], "val_loss": [0.5222156643867493, 0.4509727656841278, 0.4566260874271393, 0.4095022678375244, 0.41841796040534973, 0.40939441323280334, 0.3806653916835785, 0.3870180547237396, 0.3823982775211334, 0.37717410922050476], "val_accuracy": [0.8176000118255615, 0.8393999934196472, 0.8314999938011169, 0.8532999753952026, 0.8521000146865845, 0.8568999767303467, 0.8619999885559082, 0.8629000186920166, 0.8640000224113464, 0.8668000102043152], "confusion_matrix": [[619, 596, 630, 662, 636, 584, 452, 604, 621, 596], [620, 582, 591, 673, 600, 584, 489, 604, 626, 631], [650, 593, 632, 647, 652, 591, 437, 580, 599, 619], [649, 599, 579, 657, 646, 575, 460, 578, 604, 653], [711, 619, 584, 632, 590, 595, 427, 607, 645, 590], [672, 580, 632, 658, 646, 557, 430, 599, 601, 625], [650, 576, 600, 674, 640, 577, 456, 606, 608, 613], [689, 573, 621, 660, 653, 590, 418, 536, 608, 652], [636, 607, 593, 628, 635, 614, 434, 652, 611, 590], [631, 534, 584, 710, 664, 617, 470, 536, 593, 661]]}