{"loss": [0.621760368347168, 0.45917412638664246, 0.4156140983104706, 0.3913438618183136, 0.37118664383888245, 0.3589319586753845, 0.34446385502815247, 0.33306875824928284, 0.32617536187171936, 0.3162260055541992], "accuracy": [0.7753666639328003, 0.8337833285331726, 0.8497499823570251, 0.8572999835014343, 0.8641499876976013, 0.8687999844551086, 0.8733000159263611, 0.8761166930198669, 0.8796833157539368, 0.8817999958992004], "val_loss": [0.5306957960128784, 0.46450889110565186, 0.4733211398124695, 0.42273253202438354, 0.4066248834133148, 0.41761064529418945, 0.399944543838501, 0.38426071405410767, 0.40072548389434814, 0.37264615297317505], "val_accuracy": [0.8080999851226807, 0.8353999853134155, 0.8281000256538391, 0.8478000164031982, 0.8561000227928162, 0.8492000102996826, 0.8601999878883362, 0.8633999824523926, 0.8626999855041504, 0.8683000206947327], "confusion_matrix": [[620, 578, 522, 559, 689, 606, 541, 657, 611, 617], [648, 603, 554, 589, 716, 569, 539, 632, 593, 557], [655, 584, 551, 576, 683, 594, 564, 615, 598, 580], [649, 603, 571, 570, 669, 613, 522, 628, 580, 595], [592, 558, 544, 589, 705, 604, 548, 607, 646, 607], [615, 582, 523, 574, 730, 636, 572, 593, 613, 562], [638, 581, 518, 599, 708, 597, 556, 589, 606, 608], [631, 593, 517, 547, 688, 580, 589, 641, 633, 581], [653, 593, 544, 614, 656, 551, 561, 604, 613, 611], [656, 594, 545, 548, 704, 583, 530, 630, 629, 581]]}