{"loss": [0.6965574026107788, 0.46989452838897705, 0.4125482141971588, 0.38411745429039, 0.36278343200683594, 0.3457508683204651, 0.33197832107543945, 0.3183043301105499, 0.30949094891548157, 0.29986417293548584], "accuracy": [0.7621666789054871, 0.8366166949272156, 0.8581833243370056, 0.8689666390419006, 0.8747166395187378, 0.8814499974250793, 0.8851666450500488, 0.8904666900634766, 0.8921666741371155, 0.8960333466529846], "val_loss": [0.5212691426277161, 0.45802900195121765, 0.42051953077316284, 0.39556631445884705, 0.3734201490879059, 0.3620753288269043, 0.348592609167099, 0.34026989340782166, 0.32747143507003784, 0.3332824110984802], "val_accuracy": [0.8240000009536743, 0.8436999917030334, 0.8605999946594238, 0.8636999726295471, 0.8712999820709229, 0.8754000067710876, 0.8759999871253967, 0.878600001335144, 0.8827999830245972, 0.8820000290870667], "confusion_matrix": [[560, 645, 712, 600, 535, 588, 586, 627, 557, 590], [626, 611, 710, 569, 510, 580, 539, 615, 650, 590], [598, 571, 743, 603, 578, 586, 522, 637, 599, 563], [640, 561, 696, 576, 566, 601, 559, 598, 588, 615], [577, 617, 652, 566, 605, 628, 552, 631, 568, 604], [628, 578, 714, 579, 560, 622, 566, 595, 557, 601], [623, 575, 657, 580, 617, 580, 571, 642, 590, 565], [588, 609, 685, 594, 537, 623, 565, 611, 578, 610], [616, 599, 721, 590, 540, 563, 557, 607, 581, 626], [615, 628, 728, 553, 544, 613, 530, 590, 601, 598]]}