{"loss": [0.7005785703659058, 0.47369253635406494, 0.4188668429851532, 0.38830092549324036, 0.36404579877853394, 0.3456678092479706, 0.3329208195209503, 0.3197726309299469, 0.30819135904312134, 0.29856932163238525], "accuracy": [0.759850025177002, 0.8371166586875916, 0.8577666878700256, 0.8667666912078857, 0.8742333054542542, 0.8809999823570251, 0.8856333494186401, 0.8893499970436096, 0.8931166529655457, 0.8955166935920715], "val_loss": [0.5388206243515015, 0.4667922258377075, 0.4346703588962555, 0.40453508496284485, 0.37104785442352295, 0.3614165782928467, 0.35667523741722107, 0.34475842118263245, 0.3310554325580597, 0.3217988908290863], "val_accuracy": [0.815500020980835, 0.840399980545044, 0.8518000245094299, 0.8587999939918518, 0.8744000196456909, 0.8747000098228455, 0.8758999705314636, 0.880299985408783, 0.8847000002861023, 0.887499988079071], "confusion_matrix": [[588, 608, 605, 628, 605, 608, 559, 555, 595, 649], [617, 590, 597, 572, 648, 621, 596, 584, 576, 599], [600, 572, 583, 594, 608, 603, 608, 601, 641, 590], [594, 609, 605, 565, 581, 644, 611, 585, 594, 612], [615, 589, 609, 590, 622, 610, 594, 576, 569, 626], [625, 623, 556, 553, 592, 638, 574, 593, 653, 593], [636, 619, 627, 585, 615, 603, 582, 580, 546, 607], [601, 632, 603, 592, 636, 625, 573, 586, 557, 595], [633, 566, 577, 540, 663, 596, 584, 581, 634, 626], [602, 605, 614, 554, 628, 610, 595, 578, 591, 623]]}