step,prediction
1,60864.71525011454
2,58753.193497425986
3,52022.5151539423
4,2161.1811254861645
5,42885.98315149469
6,85764.38414878969
7,95704.29803880405
8,69744.27717331795
9,-974.4167983828236
10,25471.418134029256
